<Study id="Demo.Age" datagroup="std" hotLinkRedirect="/implicit/demo/">
	<Definitions>
		<Task id="startpage">/common/en-us/html/Instructions.jsp</Task>
		<Task id="intro">/user/education/age/intro.html</Task>
		<Task id="instructions">/user/education/age/instructions.html</Task>
		<Task id="questionnaire" type="xform">/user/education/age/questionnaire.xml</Task>
		<Task id="demographics" type="xform">/common/en-us/xml/demographics.xml</Task>
		<Task id="iata" file="/user/education/age/agea.xml">/common/en-us/html/IATTask.jsp</Task>
		<Task id="iatb" file="/user/education/age/ageb.xml">/common/en-us/html/IATTask.jsp</Task>
		<Task id="iatc" file="/user/education/age/agec.xml">/common/en-us/html/IATTask.jsp</Task>
		<Task id="iatd" file="/user/education/age/aged.xml">/common/en-us/html/IATTask.jsp</Task>
		<Task id="debriefing1">/user/education/age/debriefing1.jsp</Task>
		<Task id="debriefing2">/user/education/age/debriefing2.jsp</Task>
	</Definitions>
	<Map>
		<Task id="startpage"/>
		<Task id="intro"/>
		<Branch type="group" id="random1" random="true">
			<Task id="instructions">
				<Branch type="group" select="1" id="random2">
					<Task id="iata"/>
					<Task id="iatb"/>
					<Task id="iatc"/>
					<Task id="iatd"/>
				</Branch>
			</Task>
			<Task id="demographics"/>
			<Task id="questionnaire"/>
		</Branch>
		<Task id="debriefing1"/>
		<Task id="debriefing2"/>
	</Map>
</Study>