<Study id="nosekLab.bnosek.DemoAge.0001" datagroup="research">
	<Definitions>
		<Task id="startpage">/common/en-us/html/Instructions.jsp</Task>
		<Task id="intro">intro.research.html</Task>
		<Task id="instructions">instructions.html</Task>
		<Task id="questionnaire" type="xform">questionnaire.xml</Task>
		<Task id="iata" file="agea.xml">/common/en-us/html/IATTask.jsp</Task>
		<Task id="iatb" file="ageb.xml">/common/en-us/html/IATTask.jsp</Task>
		<Task id="iatc" file="agec.xml">/common/en-us/html/IATTask.jsp</Task>
		<Task id="iatd" file="aged.xml">/common/en-us/html/IATTask.jsp</Task>
		<Task id="debriefing1">debriefing1.jsp</Task>
		<Task id="debriefing2">debriefing2res.jsp</Task>
	</Definitions>
	<Map>
		<Task id="startpage"/>
		<Task id="intro"/>
		<Branch type="group" id="random1" random="true">
			<Task id="instructions">
				<Branch type="group" select="1" id="random2">
					<Task id="iata"/>
					<Task id="iatb"/>
					<Task id="iatc"/>
					<Task id="iatd"/>
				</Branch>
			</Task>
			<Task id="questionnaire"/>
		</Branch>
		<Task id="debriefing1"/>
		<Task id="debriefing2"/>
	</Map>
</Study>