<?xml version="1.0" encoding="UTF-8"?>
<!DOCTYPE IAT SYSTEM "https://implicit.harvard.edu/implicit/research/library/dtd/ImplicitIAT_001.dtd">

<IAT>
  <IATName>aged</IATName>
  <Categories>
    <Category color="33ff33">
      <CategoryNumber>0</CategoryNumber>
      <Stimuli>
        <CategoryName>Bad</CategoryName>
        <CategoryImgURL></CategoryImgURL>
        <Stimulus type="word">Horrible</Stimulus>
        <Stimulus type="word">Evil</Stimulus>
        <Stimulus type="word">Awful</Stimulus>
        <Stimulus type="word">Agony</Stimulus>
        <Stimulus type="word">Terrible</Stimulus>
        <Stimulus type="word">Failure</Stimulus>
        <Stimulus type="word">Nasty</Stimulus>
        <Stimulus type="word">Hurt</Stimulus>
      </Stimuli>
    </Category>
    <Category>
      <CategoryNumber>1</CategoryNumber>
      <Stimuli>
        <CategoryName>Young</CategoryName>
        <CategoryImgURL></CategoryImgURL>
        <Stimulus type="image">yf1.jpg</Stimulus>
        <Stimulus type="image">ym2.jpg</Stimulus>
        <Stimulus type="image">yf5.jpg</Stimulus>
        <Stimulus type="image">ym3.jpg</Stimulus>
        <Stimulus type="image">ym5.jpg</Stimulus>
        <Stimulus type="image">yf4.jpg</Stimulus>
      </Stimuli>
    </Category>
    <Category>
      <CategoryNumber>2</CategoryNumber>
      <Stimuli>
        <CategoryName>Old</CategoryName>
        <CategoryImgURL></CategoryImgURL>
        <Stimulus type="image">of1.jpg</Stimulus>
        <Stimulus type="image">of3.jpg</Stimulus>
        <Stimulus type="image">om2.jpg</Stimulus>
        <Stimulus type="image">om1.jpg</Stimulus>
        <Stimulus type="image">of2.jpg</Stimulus>
        <Stimulus type="image">om3.jpg</Stimulus>
      </Stimuli>
    </Category>
    <Category color="33ff33">
      <CategoryNumber>3</CategoryNumber>
      <Stimuli>
        <CategoryName>Good</CategoryName>
        <CategoryImgURL></CategoryImgURL>
        <Stimulus type="word">Glorious</Stimulus>
        <Stimulus type="word">Joy</Stimulus>
        <Stimulus type="word">Peace</Stimulus>
        <Stimulus type="word">Pleasure</Stimulus>
        <Stimulus type="word">Happy</Stimulus>
        <Stimulus type="word">Love</Stimulus>
        <Stimulus type="word">Wonderful</Stimulus>
        <Stimulus type="word">Laughter</Stimulus>
      </Stimuli>
    </Category>
  </Categories>
  <Block>
    <Instructions><![CDATA[<p><font face="Arial" size="14" color="#FFFFFF">Put your middle or index fingers on the <b>E</b> and <b>I</b> keys of your keyboard. Words or images representing the categories at the top will appear one-by-one in the middle of the screen. When the item belongs to a category on the left, press the <b>E</b> key; when the item belongs to a category on the right, press the <b>I</b> key. Items belong to only one category. If you make an error, an <font color="#FF0000"><b>X</b></font> will appear - fix the error by hitting the other key.</font></p><p></p><p><font face="Arial" size="14" color="#FFFFFF">This is a timed sorting task. <b>GO AS FAST AS YOU CAN</b> while making as few mistakes as possible. Going too slow or making too many errors will result in an uninterpretable score. This task will take about 5 minutes to complete.</font></p><p></p><p align="CENTER"><font face="Arial" size="14" color="#FFFFFF">Press the <b>space bar</b> to begin.</font></p>]]></Instructions>
    <BlockNumber>0</BlockNumber>
    <TrialCount>20</TrialCount>
    <BlockPairingDefinition>1,2</BlockPairingDefinition>
  </Block>
  <Block>
    <Instructions><![CDATA[<font size="14"><p><b>See above, the categories have changed.</b> The items for sorting have changed as well. The rules, however, are the same.</p><br /><p>When the items belongs to a category on the left, press the <b>E</b> key; when the item belongs to a category on the right, press the <b>I</b> key. Items belong to only one category. An <font color="#FF0000"><b>X</b></font> appears after an error - fix the error by hitting the other key. <b>GO AS FAST AS YOU CAN.</b></p><br /><p align="center">Press the <b>space bar</b> to begin.</p></font>]]></Instructions>
    <BlockNumber>1</BlockNumber>
    <TrialCount>20</TrialCount>
    <BlockPairingDefinition>3,0</BlockPairingDefinition>
  </Block>
  <Block>
    <Instructions><![CDATA[<font size="14"><p><b>See above, the four categories you saw separately now appear together.</b> Remember, each item belongs to only one group. For example, if the categories <b>flower</b> and <b>good</b> appeared on separate sides above - pictures or words meaning <b>flower</b> would go in the <b>flower</b> category, not the <b>good</b> category.</p><br /><p>The <font color="#33FF33"><b>green</b></font> and <b>white</b> labels and items may help to identify the appropriate category. Use the <b>E</b> and <b>I</b> keys to categorize items into the four groups <b>left</b> and <b>right</b>, and correct errors by hitting the other key.</p><br /><p align="center">Press the <b>space bar</b> to begin</p></font>]]></Instructions>
    <BlockNumber>2</BlockNumber>
    <TrialCount>20</TrialCount>
    <BlockPairingDefinition>1,2,3,0</BlockPairingDefinition>
  </Block>
  <Block>
    <Instructions><![CDATA[<font size="14"><p><b>Sort the same four categories again.</b> Remember to go as fast as you can while making as few mistakes as possible.</p><br /><p>The <font color="#33FF33"><b>green</b></font> and <b>white</b> labels and items may help to identify the appropriate category. Use the <b>E</b> and <b>I</b> keys to categorize items into the four groups <b>left</b> and <b>right</b>, and correct errors by hitting the other key.</p><br /><p align="center">Press the <b>space bar</b> to begin.</p></font>]]></Instructions>
    <BlockNumber>3</BlockNumber>
    <TrialCount>40</TrialCount>
    <BlockPairingDefinition>1,2,3,0</BlockPairingDefinition>
  </Block>
  <Block>
    <Instructions><![CDATA[<font size="14"><p><b>Notice above, there are only two categories and they have switched positions.</b> The concept that was previously on the left is now on the right, and the concept that was on the right is now on the left. Practice this new configuration.</p><br /><p>Use the <b>E</b> and <b>I</b> keys to categorize items left and right, and correct errors by hitting the other key.</p><br /><p align="center">Press the <b>space bar</b> to begin.</p></font>]]></Instructions>
    <BlockNumber>4</BlockNumber>
    <TrialCount>40</TrialCount>
    <BlockPairingDefinition>2,1</BlockPairingDefinition>
  </Block>
  <Block>
    <Instructions><![CDATA[<font size="14"><p><b>See above, the four categories now appear together in a new configuation.</b> Remember, each item belongs to only one group.</p><br /><p>The <font color="#33FF33"><b>green</b></font> and <b>white</b> labels and items may help to identify the appropriate category. Use the <b>E</b> and <b>I</b> keys to categorize items into the four groups <b>left</b> and <b>right</b>, and correct errors by hitting the other key.</p><br /><p align="center">Press the <b>space bar</b> to begin.</p><font>]]></Instructions>
    <BlockNumber>5</BlockNumber>
    <TrialCount>20</TrialCount>
    <BlockPairingDefinition>2,1,3,0</BlockPairingDefinition>
  </Block>
  <Block>
    <Instructions><![CDATA[<font size="14"><p><b>Sort the same four categories again.</b> Remember to go as fast as you can while making as few mistakes as possible.</p><br /><p>The <font color="#33FF33"><b>green</b></font> and <b>white</b> labels and items may help to identify the appropriate category. Use the <b>E</b> and <b>I</b> keys to categorize items into the four groups <b>left</b> and <b>right</b>, and correct errors by hitting the other key.</p><br /><p align="center">Press the <b>space bar</b> to begin.</p></font>]]></Instructions>
    <BlockNumber>6</BlockNumber>
    <TrialCount>40</TrialCount>
    <BlockPairingDefinition>2,1,3,0</BlockPairingDefinition>
  </Block>
  <Results>
    <Result id="0" cutoff="-.65">Your data suggest a strong automatic preference for Young compared to Old.</Result>
    <Result id="1" cutoff="-.35">Your data suggest a moderate automatic preference for Young compared to Old.</Result>
    <Result id="2" cutoff="-.15">Your data suggest a slight automatic preference for Young compared to Old.</Result>
    <Result id="3" cutoff="0">Your data suggest little to no automatic preference between Young and Old.</Result>
    <Result id="4" cutoff=".15">Your data suggest a slight automatic preference for Old compared to Young.</Result>
    <Result id="5" cutoff=".35">Your data suggest a moderate automatic preference for Old compared to Young.</Result>
    <Result id="6" cutoff=".65">Your data suggest a strong automatic preference for Old compared to Young.</Result>
  </Results>
  <ReportBlocks>2,3,5,6</ReportBlocks>
</IAT>
