<?xml version="1.0" encoding="UTF-8"?>
<Questionnaire ID="1" name="Age">
	<Block Name="block1" columns="1">
		<Question type="choice" render="dropselect" ID="att" required="">
			<Text>Which statement best describes you?</Text>
			<Choices>
				<Choice value=".">.</Choice>
				<Choice value="7">I strongly prefer <em>young people</em> to <em>old people</em>.</Choice>
				<Choice value="6">I moderately prefer <em>young people</em> to <em>old people</em>.</Choice>
				<Choice value="5">I slightly prefer <em>young people</em> to <em>old people</em>.</Choice>
				<Choice value="4">I like <em>young people</em> and <em>old people</em> equally.</Choice>
				<Choice value="3">I slightly prefer <em>old people</em> to <em>young people</em>.</Choice>
				<Choice value="2">I moderately prefer <em>old people</em> to <em>young people</em>.</Choice>
				<Choice value="1">I strongly prefer <em>old people</em> to <em>young people</em>.</Choice>
			</Choices>
		</Question>
	</Block>

	<Block Name="block2" columns="2">
		<Text>Please rate how warm or cold you feel toward the following groups (0 = coldest feelings, 5 = neutral, 10 = warmest feelings)</Text>
		<Question type="choice" render="dropselect" ID="Told" required="">
			<Text>Old people</Text>
			<Choices>
				<Choice value=".">.</Choice>
				<Choice value="10">10 very warm</Choice>
				<Choice value="9">9</Choice>
				<Choice value="8">8</Choice>
				<Choice value="7">7</Choice>
				<Choice value="6">6</Choice>
				<Choice value="5">5 neutral</Choice>
				<Choice value="4">4</Choice>
				<Choice value="3">3</Choice>
				<Choice value="2">2</Choice>
				<Choice value="1">1</Choice>
				<Choice value="0">0 very cold</Choice>
			</Choices>
		</Question>
		<Question type="choice" render="dropselect" ID="Tyoung" required="">
			<Text>Young people</Text>
			<Choices>
				<Choice value=".">.</Choice>
				<Choice value="10">10 very warm</Choice>
				<Choice value="9">9</Choice>
				<Choice value="8">8</Choice>
				<Choice value="7">7</Choice>
				<Choice value="6">6</Choice>
				<Choice value="5">5 neutral</Choice>
				<Choice value="4">4</Choice>
				<Choice value="3">3</Choice>
				<Choice value="2">2</Choice>
				<Choice value="1">1</Choice>
				<Choice value="0">0 very cold</Choice>
			</Choices>
		</Question>
	</Block>
	<Block Name="newqs" columns="1">
		<Random maxSelected="1">
			<Block name="set1" columns="1">
				<Question type="choice" render="dropselect" ID="feel" required="">
					<Text>How old do you feel?</Text>
					<Choices>
						<Choice value=".">.</Choice>
						<Choice value="1">1</Choice>
						<Choice value="2">2</Choice>
						<Choice value="3">3</Choice>
						<Choice value="4">4</Choice>
						<Choice value="5">5</Choice>
						<Choice value="6">6</Choice>
						<Choice value="7">7</Choice>
						<Choice value="8">8</Choice>
						<Choice value="9">9</Choice>
						<Choice value="10">10</Choice>
						<Choice value="11">11</Choice>
						<Choice value="12">12</Choice>
						<Choice value="13">13</Choice>
						<Choice value="14">14</Choice>
						<Choice value="15">15</Choice>
						<Choice value="16">16</Choice>
						<Choice value="17">17</Choice>
						<Choice value="18">18</Choice>
						<Choice value="19">19</Choice>
						<Choice value="20">20</Choice>
						<Choice value="21">21</Choice>
						<Choice value="22">22</Choice>
						<Choice value="23">23</Choice>
						<Choice value="24">24</Choice>
						<Choice value="25">25</Choice>
						<Choice value="26">26</Choice>
						<Choice value="27">27</Choice>
						<Choice value="28">28</Choice>
						<Choice value="29">29</Choice>
						<Choice value="30">30</Choice>
						<Choice value="31">31</Choice>
						<Choice value="32">32</Choice>
						<Choice value="33">33</Choice>
						<Choice value="34">34</Choice>
						<Choice value="35">35</Choice>
						<Choice value="36">36</Choice>
						<Choice value="37">37</Choice>
						<Choice value="38">38</Choice>
						<Choice value="39">39</Choice>
						<Choice value="40">40</Choice>
						<Choice value="41">41</Choice>
						<Choice value="42">42</Choice>
						<Choice value="43">43</Choice>
						<Choice value="44">44</Choice>
						<Choice value="45">45</Choice>
						<Choice value="46">46</Choice>
						<Choice value="47">47</Choice>
						<Choice value="48">48</Choice>
						<Choice value="49">49</Choice>
						<Choice value="50">50</Choice>
						<Choice value="51">51</Choice>
						<Choice value="52">52</Choice>
						<Choice value="53">53</Choice>
						<Choice value="54">54</Choice>
						<Choice value="55">55</Choice>
						<Choice value="56">56</Choice>
						<Choice value="57">57</Choice>
						<Choice value="58">58</Choice>
						<Choice value="59">59</Choice>
						<Choice value="60">60</Choice>
						<Choice value="61">61</Choice>
						<Choice value="62">62</Choice>
						<Choice value="63">63</Choice>
						<Choice value="64">64</Choice>
						<Choice value="65">65</Choice>
						<Choice value="66">66</Choice>
						<Choice value="67">67</Choice>
						<Choice value="68">68</Choice>
						<Choice value="69">69</Choice>
						<Choice value="70">70</Choice>
						<Choice value="71">71</Choice>
						<Choice value="72">72</Choice>
						<Choice value="73">73</Choice>
						<Choice value="74">74</Choice>
						<Choice value="75">75</Choice>
						<Choice value="76">76</Choice>
						<Choice value="77">77</Choice>
						<Choice value="78">78</Choice>
						<Choice value="79">79</Choice>
						<Choice value="80">80</Choice>
						<Choice value="81">81</Choice>
						<Choice value="82">82</Choice>
						<Choice value="83">83</Choice>
						<Choice value="84">84</Choice>
						<Choice value="85">85</Choice>
						<Choice value="86">86</Choice>
						<Choice value="87">87</Choice>
						<Choice value="88">88</Choice>
						<Choice value="89">89</Choice>
						<Choice value="90">90</Choice>
						<Choice value="91">91</Choice>
						<Choice value="92">92</Choice>
						<Choice value="93">93</Choice>
						<Choice value="94">94</Choice>
						<Choice value="95">95</Choice>
						<Choice value="96">96</Choice>
						<Choice value="97">97</Choice>
						<Choice value="98">98</Choice>
						<Choice value="99">99</Choice>
						<Choice value="100">100</Choice>
						<Choice value="101">101</Choice>
						<Choice value="102">102</Choice>
						<Choice value="103">103</Choice>
						<Choice value="104">104</Choice>
						<Choice value="105">105</Choice>
						<Choice value="106">106</Choice>
						<Choice value="107">107</Choice>
						<Choice value="108">108</Choice>
						<Choice value="109">109</Choice>
						<Choice value="110">110</Choice>
						<Choice value="111">111</Choice>
						<Choice value="112">112</Choice>
						<Choice value="113">113</Choice>
						<Choice value="114">114</Choice>
						<Choice value="115">115</Choice>
					</Choices>
				</Question>
				<Question type="choice" render="dropselect" ID="othersthink" required="">
					<Text>On average, how old do other people think you are?</Text>
					<Choices>
						<Choice value=".">.</Choice>
						<Choice value="1">1</Choice>
						<Choice value="2">2</Choice>
						<Choice value="3">3</Choice>
						<Choice value="4">4</Choice>
						<Choice value="5">5</Choice>
						<Choice value="6">6</Choice>
						<Choice value="7">7</Choice>
						<Choice value="8">8</Choice>
						<Choice value="9">9</Choice>
						<Choice value="10">10</Choice>
						<Choice value="11">11</Choice>
						<Choice value="12">12</Choice>
						<Choice value="13">13</Choice>
						<Choice value="14">14</Choice>
						<Choice value="15">15</Choice>
						<Choice value="16">16</Choice>
						<Choice value="17">17</Choice>
						<Choice value="18">18</Choice>
						<Choice value="19">19</Choice>
						<Choice value="20">20</Choice>
						<Choice value="21">21</Choice>
						<Choice value="22">22</Choice>
						<Choice value="23">23</Choice>
						<Choice value="24">24</Choice>
						<Choice value="25">25</Choice>
						<Choice value="26">26</Choice>
						<Choice value="27">27</Choice>
						<Choice value="28">28</Choice>
						<Choice value="29">29</Choice>
						<Choice value="30">30</Choice>
						<Choice value="31">31</Choice>
						<Choice value="32">32</Choice>
						<Choice value="33">33</Choice>
						<Choice value="34">34</Choice>
						<Choice value="35">35</Choice>
						<Choice value="36">36</Choice>
						<Choice value="37">37</Choice>
						<Choice value="38">38</Choice>
						<Choice value="39">39</Choice>
						<Choice value="40">40</Choice>
						<Choice value="41">41</Choice>
						<Choice value="42">42</Choice>
						<Choice value="43">43</Choice>
						<Choice value="44">44</Choice>
						<Choice value="45">45</Choice>
						<Choice value="46">46</Choice>
						<Choice value="47">47</Choice>
						<Choice value="48">48</Choice>
						<Choice value="49">49</Choice>
						<Choice value="50">50</Choice>
						<Choice value="51">51</Choice>
						<Choice value="52">52</Choice>
						<Choice value="53">53</Choice>
						<Choice value="54">54</Choice>
						<Choice value="55">55</Choice>
						<Choice value="56">56</Choice>
						<Choice value="57">57</Choice>
						<Choice value="58">58</Choice>
						<Choice value="59">59</Choice>
						<Choice value="60">60</Choice>
						<Choice value="61">61</Choice>
						<Choice value="62">62</Choice>
						<Choice value="63">63</Choice>
						<Choice value="64">64</Choice>
						<Choice value="65">65</Choice>
						<Choice value="66">66</Choice>
						<Choice value="67">67</Choice>
						<Choice value="68">68</Choice>
						<Choice value="69">69</Choice>
						<Choice value="70">70</Choice>
						<Choice value="71">71</Choice>
						<Choice value="72">72</Choice>
						<Choice value="73">73</Choice>
						<Choice value="74">74</Choice>
						<Choice value="75">75</Choice>
						<Choice value="76">76</Choice>
						<Choice value="77">77</Choice>
						<Choice value="78">78</Choice>
						<Choice value="79">79</Choice>
						<Choice value="80">80</Choice>
						<Choice value="81">81</Choice>
						<Choice value="82">82</Choice>
						<Choice value="83">83</Choice>
						<Choice value="84">84</Choice>
						<Choice value="85">85</Choice>
						<Choice value="86">86</Choice>
						<Choice value="87">87</Choice>
						<Choice value="88">88</Choice>
						<Choice value="89">89</Choice>
						<Choice value="90">90</Choice>
						<Choice value="91">91</Choice>
						<Choice value="92">92</Choice>
						<Choice value="93">93</Choice>
						<Choice value="94">94</Choice>
						<Choice value="95">95</Choice>
						<Choice value="96">96</Choice>
						<Choice value="97">97</Choice>
						<Choice value="98">98</Choice>
						<Choice value="99">99</Choice>
						<Choice value="100">100</Choice>
						<Choice value="101">101</Choice>
						<Choice value="102">102</Choice>
						<Choice value="103">103</Choice>
						<Choice value="104">104</Choice>
						<Choice value="105">105</Choice>
						<Choice value="106">106</Choice>
						<Choice value="107">107</Choice>
						<Choice value="108">108</Choice>
						<Choice value="109">109</Choice>
						<Choice value="110">110</Choice>
						<Choice value="111">111</Choice>
						<Choice value="112">112</Choice>
						<Choice value="113">113</Choice>
						<Choice value="114">114</Choice>
						<Choice value="115">115</Choice>
					</Choices>
				</Question>
				<Question type="choice" render="dropselect" ID="choosetobe" required="">
					<Text>If you could choose, what age would you be?</Text>
					<Choices>
						<Choice value=".">.</Choice>
						<Choice value="1">1</Choice>
						<Choice value="2">2</Choice>
						<Choice value="3">3</Choice>
						<Choice value="4">4</Choice>
						<Choice value="5">5</Choice>
						<Choice value="6">6</Choice>
						<Choice value="7">7</Choice>
						<Choice value="8">8</Choice>
						<Choice value="9">9</Choice>
						<Choice value="10">10</Choice>
						<Choice value="11">11</Choice>
						<Choice value="12">12</Choice>
						<Choice value="13">13</Choice>
						<Choice value="14">14</Choice>
						<Choice value="15">15</Choice>
						<Choice value="16">16</Choice>
						<Choice value="17">17</Choice>
						<Choice value="18">18</Choice>
						<Choice value="19">19</Choice>
						<Choice value="20">20</Choice>
						<Choice value="21">21</Choice>
						<Choice value="22">22</Choice>
						<Choice value="23">23</Choice>
						<Choice value="24">24</Choice>
						<Choice value="25">25</Choice>
						<Choice value="26">26</Choice>
						<Choice value="27">27</Choice>
						<Choice value="28">28</Choice>
						<Choice value="29">29</Choice>
						<Choice value="30">30</Choice>
						<Choice value="31">31</Choice>
						<Choice value="32">32</Choice>
						<Choice value="33">33</Choice>
						<Choice value="34">34</Choice>
						<Choice value="35">35</Choice>
						<Choice value="36">36</Choice>
						<Choice value="37">37</Choice>
						<Choice value="38">38</Choice>
						<Choice value="39">39</Choice>
						<Choice value="40">40</Choice>
						<Choice value="41">41</Choice>
						<Choice value="42">42</Choice>
						<Choice value="43">43</Choice>
						<Choice value="44">44</Choice>
						<Choice value="45">45</Choice>
						<Choice value="46">46</Choice>
						<Choice value="47">47</Choice>
						<Choice value="48">48</Choice>
						<Choice value="49">49</Choice>
						<Choice value="50">50</Choice>
						<Choice value="51">51</Choice>
						<Choice value="52">52</Choice>
						<Choice value="53">53</Choice>
						<Choice value="54">54</Choice>
						<Choice value="55">55</Choice>
						<Choice value="56">56</Choice>
						<Choice value="57">57</Choice>
						<Choice value="58">58</Choice>
						<Choice value="59">59</Choice>
						<Choice value="60">60</Choice>
						<Choice value="61">61</Choice>
						<Choice value="62">62</Choice>
						<Choice value="63">63</Choice>
						<Choice value="64">64</Choice>
						<Choice value="65">65</Choice>
						<Choice value="66">66</Choice>
						<Choice value="67">67</Choice>
						<Choice value="68">68</Choice>
						<Choice value="69">69</Choice>
						<Choice value="70">70</Choice>
						<Choice value="71">71</Choice>
						<Choice value="72">72</Choice>
						<Choice value="73">73</Choice>
						<Choice value="74">74</Choice>
						<Choice value="75">75</Choice>
						<Choice value="76">76</Choice>
						<Choice value="77">77</Choice>
						<Choice value="78">78</Choice>
						<Choice value="79">79</Choice>
						<Choice value="80">80</Choice>
						<Choice value="81">81</Choice>
						<Choice value="82">82</Choice>
						<Choice value="83">83</Choice>
						<Choice value="84">84</Choice>
						<Choice value="85">85</Choice>
						<Choice value="86">86</Choice>
						<Choice value="87">87</Choice>
						<Choice value="88">88</Choice>
						<Choice value="89">89</Choice>
						<Choice value="90">90</Choice>
						<Choice value="91">91</Choice>
						<Choice value="92">92</Choice>
						<Choice value="93">93</Choice>
						<Choice value="94">94</Choice>
						<Choice value="95">95</Choice>
						<Choice value="96">96</Choice>
						<Choice value="97">97</Choice>
						<Choice value="98">98</Choice>
						<Choice value="99">99</Choice>
						<Choice value="100">100</Choice>
						<Choice value="101">101</Choice>
						<Choice value="102">102</Choice>
						<Choice value="103">103</Choice>
						<Choice value="104">104</Choice>
						<Choice value="105">105</Choice>
						<Choice value="106">106</Choice>
						<Choice value="107">107</Choice>
						<Choice value="108">108</Choice>
						<Choice value="109">109</Choice>
						<Choice value="110">110</Choice>
						<Choice value="111">111</Choice>
						<Choice value="112">112</Choice>
						<Choice value="113">113</Choice>
						<Choice value="114">114</Choice>
						<Choice value="115">115</Choice>
					</Choices>
				</Question>
				<Question type="choice" render="dropselect" ID="hopetolive" required="">
					<Text>To what age do you hope to live?</Text>
					<Choices>
						<Choice value=".">.</Choice>
						<Choice value="1">1</Choice>
						<Choice value="2">2</Choice>
						<Choice value="3">3</Choice>
						<Choice value="4">4</Choice>
						<Choice value="5">5</Choice>
						<Choice value="6">6</Choice>
						<Choice value="7">7</Choice>
						<Choice value="8">8</Choice>
						<Choice value="9">9</Choice>
						<Choice value="10">10</Choice>
						<Choice value="11">11</Choice>
						<Choice value="12">12</Choice>
						<Choice value="13">13</Choice>
						<Choice value="14">14</Choice>
						<Choice value="15">15</Choice>
						<Choice value="16">16</Choice>
						<Choice value="17">17</Choice>
						<Choice value="18">18</Choice>
						<Choice value="19">19</Choice>
						<Choice value="20">20</Choice>
						<Choice value="21">21</Choice>
						<Choice value="22">22</Choice>
						<Choice value="23">23</Choice>
						<Choice value="24">24</Choice>
						<Choice value="25">25</Choice>
						<Choice value="26">26</Choice>
						<Choice value="27">27</Choice>
						<Choice value="28">28</Choice>
						<Choice value="29">29</Choice>
						<Choice value="30">30</Choice>
						<Choice value="31">31</Choice>
						<Choice value="32">32</Choice>
						<Choice value="33">33</Choice>
						<Choice value="34">34</Choice>
						<Choice value="35">35</Choice>
						<Choice value="36">36</Choice>
						<Choice value="37">37</Choice>
						<Choice value="38">38</Choice>
						<Choice value="39">39</Choice>
						<Choice value="40">40</Choice>
						<Choice value="41">41</Choice>
						<Choice value="42">42</Choice>
						<Choice value="43">43</Choice>
						<Choice value="44">44</Choice>
						<Choice value="45">45</Choice>
						<Choice value="46">46</Choice>
						<Choice value="47">47</Choice>
						<Choice value="48">48</Choice>
						<Choice value="49">49</Choice>
						<Choice value="50">50</Choice>
						<Choice value="51">51</Choice>
						<Choice value="52">52</Choice>
						<Choice value="53">53</Choice>
						<Choice value="54">54</Choice>
						<Choice value="55">55</Choice>
						<Choice value="56">56</Choice>
						<Choice value="57">57</Choice>
						<Choice value="58">58</Choice>
						<Choice value="59">59</Choice>
						<Choice value="60">60</Choice>
						<Choice value="61">61</Choice>
						<Choice value="62">62</Choice>
						<Choice value="63">63</Choice>
						<Choice value="64">64</Choice>
						<Choice value="65">65</Choice>
						<Choice value="66">66</Choice>
						<Choice value="67">67</Choice>
						<Choice value="68">68</Choice>
						<Choice value="69">69</Choice>
						<Choice value="70">70</Choice>
						<Choice value="71">71</Choice>
						<Choice value="72">72</Choice>
						<Choice value="73">73</Choice>
						<Choice value="74">74</Choice>
						<Choice value="75">75</Choice>
						<Choice value="76">76</Choice>
						<Choice value="77">77</Choice>
						<Choice value="78">78</Choice>
						<Choice value="79">79</Choice>
						<Choice value="80">80</Choice>
						<Choice value="81">81</Choice>
						<Choice value="82">82</Choice>
						<Choice value="83">83</Choice>
						<Choice value="84">84</Choice>
						<Choice value="85">85</Choice>
						<Choice value="86">86</Choice>
						<Choice value="87">87</Choice>
						<Choice value="88">88</Choice>
						<Choice value="89">89</Choice>
						<Choice value="90">90</Choice>
						<Choice value="91">91</Choice>
						<Choice value="92">92</Choice>
						<Choice value="93">93</Choice>
						<Choice value="94">94</Choice>
						<Choice value="95">95</Choice>
						<Choice value="96">96</Choice>
						<Choice value="97">97</Choice>
						<Choice value="98">98</Choice>
						<Choice value="99">99</Choice>
						<Choice value="100">100</Choice>
						<Choice value="101">101</Choice>
						<Choice value="102">102</Choice>
						<Choice value="103">103</Choice>
						<Choice value="104">104</Choice>
						<Choice value="105">105</Choice>
						<Choice value="106">106</Choice>
						<Choice value="107">107</Choice>
						<Choice value="108">108</Choice>
						<Choice value="109">109</Choice>
						<Choice value="110">110</Choice>
						<Choice value="111">111</Choice>
						<Choice value="112">112</Choice>
						<Choice value="113">113</Choice>
						<Choice value="114">114</Choice>
						<Choice value="115">115</Choice>
					</Choices>
				</Question>
			</Block>
			<Block Name="set2" columns="1">
				<Text>The categories child, young adult, middle-aged, and old are commonly used to describe life stages. At what age do you believe that a person moves from one age category to the next?</Text>
				<Question type="choice" render="dropselect" ID="ctoya" required="">
					<Text>A person moves from being a child to being a young adult at what age?</Text>
					<Choices>
						<Choice value=".">.</Choice>
						<Choice value="1">1</Choice>
						<Choice value="2">2</Choice>
						<Choice value="3">3</Choice>
						<Choice value="4">4</Choice>
						<Choice value="5">5</Choice>
						<Choice value="6">6</Choice>
						<Choice value="7">7</Choice>
						<Choice value="8">8</Choice>
						<Choice value="9">9</Choice>
						<Choice value="10">10</Choice>
						<Choice value="11">11</Choice>
						<Choice value="12">12</Choice>
						<Choice value="13">13</Choice>
						<Choice value="14">14</Choice>
						<Choice value="15">15</Choice>
						<Choice value="16">16</Choice>
						<Choice value="17">17</Choice>
						<Choice value="18">18</Choice>
						<Choice value="19">19</Choice>
						<Choice value="20">20</Choice>
						<Choice value="21">21</Choice>
						<Choice value="22">22</Choice>
						<Choice value="23">23</Choice>
						<Choice value="24">24</Choice>
						<Choice value="25">25</Choice>
						<Choice value="26">26</Choice>
						<Choice value="27">27</Choice>
						<Choice value="28">28</Choice>
						<Choice value="29">29</Choice>
						<Choice value="30">30</Choice>
						<Choice value="31">31</Choice>
						<Choice value="32">32</Choice>
						<Choice value="33">33</Choice>
						<Choice value="34">34</Choice>
						<Choice value="35">35</Choice>
						<Choice value="36">36</Choice>
						<Choice value="37">37</Choice>
						<Choice value="38">38</Choice>
						<Choice value="39">39</Choice>
						<Choice value="40">40</Choice>
						<Choice value="41">41</Choice>
						<Choice value="42">42</Choice>
						<Choice value="43">43</Choice>
						<Choice value="44">44</Choice>
						<Choice value="45">45</Choice>
						<Choice value="46">46</Choice>
						<Choice value="47">47</Choice>
						<Choice value="48">48</Choice>
						<Choice value="49">49</Choice>
						<Choice value="50">50</Choice>
						<Choice value="51">51</Choice>
						<Choice value="52">52</Choice>
						<Choice value="53">53</Choice>
						<Choice value="54">54</Choice>
						<Choice value="55">55</Choice>
						<Choice value="56">56</Choice>
						<Choice value="57">57</Choice>
						<Choice value="58">58</Choice>
						<Choice value="59">59</Choice>
						<Choice value="60">60</Choice>
						<Choice value="61">61</Choice>
						<Choice value="62">62</Choice>
						<Choice value="63">63</Choice>
						<Choice value="64">64</Choice>
						<Choice value="65">65</Choice>
						<Choice value="66">66</Choice>
						<Choice value="67">67</Choice>
						<Choice value="68">68</Choice>
						<Choice value="69">69</Choice>
						<Choice value="70">70</Choice>
						<Choice value="71">71</Choice>
						<Choice value="72">72</Choice>
						<Choice value="73">73</Choice>
						<Choice value="74">74</Choice>
						<Choice value="75">75</Choice>
						<Choice value="76">76</Choice>
						<Choice value="77">77</Choice>
						<Choice value="78">78</Choice>
						<Choice value="79">79</Choice>
						<Choice value="80">80</Choice>
						<Choice value="81">81</Choice>
						<Choice value="82">82</Choice>
						<Choice value="83">83</Choice>
						<Choice value="84">84</Choice>
						<Choice value="85">85</Choice>
						<Choice value="86">86</Choice>
						<Choice value="87">87</Choice>
						<Choice value="88">88</Choice>
						<Choice value="89">89</Choice>
						<Choice value="90">90</Choice>
						<Choice value="91">91</Choice>
						<Choice value="92">92</Choice>
						<Choice value="93">93</Choice>
						<Choice value="94">94</Choice>
						<Choice value="95">95</Choice>
						<Choice value="96">96</Choice>
						<Choice value="97">97</Choice>
						<Choice value="98">98</Choice>
						<Choice value="99">99</Choice>
						<Choice value="100">100</Choice>
						<Choice value="101">101</Choice>
						<Choice value="102">102</Choice>
						<Choice value="103">103</Choice>
						<Choice value="104">104</Choice>
						<Choice value="105">105</Choice>
						<Choice value="106">106</Choice>
						<Choice value="107">107</Choice>
						<Choice value="108">108</Choice>
						<Choice value="109">109</Choice>
						<Choice value="110">110</Choice>
						<Choice value="111">111</Choice>
						<Choice value="112">112</Choice>
						<Choice value="113">113</Choice>
						<Choice value="114">114</Choice>
						<Choice value="115">115</Choice>
					</Choices>
				</Question>
				<Question type="choice" render="dropselect" ID="yatoa" required="">
					<Text>A person moves from being a young adult to being an adult at what age?</Text>
					<Choices>
						<Choice value=".">.</Choice>
						<Choice value="1">1</Choice>
						<Choice value="2">2</Choice>
						<Choice value="3">3</Choice>
						<Choice value="4">4</Choice>
						<Choice value="5">5</Choice>
						<Choice value="6">6</Choice>
						<Choice value="7">7</Choice>
						<Choice value="8">8</Choice>
						<Choice value="9">9</Choice>
						<Choice value="10">10</Choice>
						<Choice value="11">11</Choice>
						<Choice value="12">12</Choice>
						<Choice value="13">13</Choice>
						<Choice value="14">14</Choice>
						<Choice value="15">15</Choice>
						<Choice value="16">16</Choice>
						<Choice value="17">17</Choice>
						<Choice value="18">18</Choice>
						<Choice value="19">19</Choice>
						<Choice value="20">20</Choice>
						<Choice value="21">21</Choice>
						<Choice value="22">22</Choice>
						<Choice value="23">23</Choice>
						<Choice value="24">24</Choice>
						<Choice value="25">25</Choice>
						<Choice value="26">26</Choice>
						<Choice value="27">27</Choice>
						<Choice value="28">28</Choice>
						<Choice value="29">29</Choice>
						<Choice value="30">30</Choice>
						<Choice value="31">31</Choice>
						<Choice value="32">32</Choice>
						<Choice value="33">33</Choice>
						<Choice value="34">34</Choice>
						<Choice value="35">35</Choice>
						<Choice value="36">36</Choice>
						<Choice value="37">37</Choice>
						<Choice value="38">38</Choice>
						<Choice value="39">39</Choice>
						<Choice value="40">40</Choice>
						<Choice value="41">41</Choice>
						<Choice value="42">42</Choice>
						<Choice value="43">43</Choice>
						<Choice value="44">44</Choice>
						<Choice value="45">45</Choice>
						<Choice value="46">46</Choice>
						<Choice value="47">47</Choice>
						<Choice value="48">48</Choice>
						<Choice value="49">49</Choice>
						<Choice value="50">50</Choice>
						<Choice value="51">51</Choice>
						<Choice value="52">52</Choice>
						<Choice value="53">53</Choice>
						<Choice value="54">54</Choice>
						<Choice value="55">55</Choice>
						<Choice value="56">56</Choice>
						<Choice value="57">57</Choice>
						<Choice value="58">58</Choice>
						<Choice value="59">59</Choice>
						<Choice value="60">60</Choice>
						<Choice value="61">61</Choice>
						<Choice value="62">62</Choice>
						<Choice value="63">63</Choice>
						<Choice value="64">64</Choice>
						<Choice value="65">65</Choice>
						<Choice value="66">66</Choice>
						<Choice value="67">67</Choice>
						<Choice value="68">68</Choice>
						<Choice value="69">69</Choice>
						<Choice value="70">70</Choice>
						<Choice value="71">71</Choice>
						<Choice value="72">72</Choice>
						<Choice value="73">73</Choice>
						<Choice value="74">74</Choice>
						<Choice value="75">75</Choice>
						<Choice value="76">76</Choice>
						<Choice value="77">77</Choice>
						<Choice value="78">78</Choice>
						<Choice value="79">79</Choice>
						<Choice value="80">80</Choice>
						<Choice value="81">81</Choice>
						<Choice value="82">82</Choice>
						<Choice value="83">83</Choice>
						<Choice value="84">84</Choice>
						<Choice value="85">85</Choice>
						<Choice value="86">86</Choice>
						<Choice value="87">87</Choice>
						<Choice value="88">88</Choice>
						<Choice value="89">89</Choice>
						<Choice value="90">90</Choice>
						<Choice value="91">91</Choice>
						<Choice value="92">92</Choice>
						<Choice value="93">93</Choice>
						<Choice value="94">94</Choice>
						<Choice value="95">95</Choice>
						<Choice value="96">96</Choice>
						<Choice value="97">97</Choice>
						<Choice value="98">98</Choice>
						<Choice value="99">99</Choice>
						<Choice value="100">100</Choice>
						<Choice value="101">101</Choice>
						<Choice value="102">102</Choice>
						<Choice value="103">103</Choice>
						<Choice value="104">104</Choice>
						<Choice value="105">105</Choice>
						<Choice value="106">106</Choice>
						<Choice value="107">107</Choice>
						<Choice value="108">108</Choice>
						<Choice value="109">109</Choice>
						<Choice value="110">110</Choice>
						<Choice value="111">111</Choice>
						<Choice value="112">112</Choice>
						<Choice value="113">113</Choice>
						<Choice value="114">114</Choice>
						<Choice value="115">115</Choice>
					</Choices>
				</Question>
				<Question type="choice" render="dropselect" ID="atoma" required="">
					<Text>A person moves from being an adult to middle-aged at what age?</Text>
					<Choices>
						<Choice value=".">.</Choice>
						<Choice value="1">1</Choice>
						<Choice value="2">2</Choice>
						<Choice value="3">3</Choice>
						<Choice value="4">4</Choice>
						<Choice value="5">5</Choice>
						<Choice value="6">6</Choice>
						<Choice value="7">7</Choice>
						<Choice value="8">8</Choice>
						<Choice value="9">9</Choice>
						<Choice value="10">10</Choice>
						<Choice value="11">11</Choice>
						<Choice value="12">12</Choice>
						<Choice value="13">13</Choice>
						<Choice value="14">14</Choice>
						<Choice value="15">15</Choice>
						<Choice value="16">16</Choice>
						<Choice value="17">17</Choice>
						<Choice value="18">18</Choice>
						<Choice value="19">19</Choice>
						<Choice value="20">20</Choice>
						<Choice value="21">21</Choice>
						<Choice value="22">22</Choice>
						<Choice value="23">23</Choice>
						<Choice value="24">24</Choice>
						<Choice value="25">25</Choice>
						<Choice value="26">26</Choice>
						<Choice value="27">27</Choice>
						<Choice value="28">28</Choice>
						<Choice value="29">29</Choice>
						<Choice value="30">30</Choice>
						<Choice value="31">31</Choice>
						<Choice value="32">32</Choice>
						<Choice value="33">33</Choice>
						<Choice value="34">34</Choice>
						<Choice value="35">35</Choice>
						<Choice value="36">36</Choice>
						<Choice value="37">37</Choice>
						<Choice value="38">38</Choice>
						<Choice value="39">39</Choice>
						<Choice value="40">40</Choice>
						<Choice value="41">41</Choice>
						<Choice value="42">42</Choice>
						<Choice value="43">43</Choice>
						<Choice value="44">44</Choice>
						<Choice value="45">45</Choice>
						<Choice value="46">46</Choice>
						<Choice value="47">47</Choice>
						<Choice value="48">48</Choice>
						<Choice value="49">49</Choice>
						<Choice value="50">50</Choice>
						<Choice value="51">51</Choice>
						<Choice value="52">52</Choice>
						<Choice value="53">53</Choice>
						<Choice value="54">54</Choice>
						<Choice value="55">55</Choice>
						<Choice value="56">56</Choice>
						<Choice value="57">57</Choice>
						<Choice value="58">58</Choice>
						<Choice value="59">59</Choice>
						<Choice value="60">60</Choice>
						<Choice value="61">61</Choice>
						<Choice value="62">62</Choice>
						<Choice value="63">63</Choice>
						<Choice value="64">64</Choice>
						<Choice value="65">65</Choice>
						<Choice value="66">66</Choice>
						<Choice value="67">67</Choice>
						<Choice value="68">68</Choice>
						<Choice value="69">69</Choice>
						<Choice value="70">70</Choice>
						<Choice value="71">71</Choice>
						<Choice value="72">72</Choice>
						<Choice value="73">73</Choice>
						<Choice value="74">74</Choice>
						<Choice value="75">75</Choice>
						<Choice value="76">76</Choice>
						<Choice value="77">77</Choice>
						<Choice value="78">78</Choice>
						<Choice value="79">79</Choice>
						<Choice value="80">80</Choice>
						<Choice value="81">81</Choice>
						<Choice value="82">82</Choice>
						<Choice value="83">83</Choice>
						<Choice value="84">84</Choice>
						<Choice value="85">85</Choice>
						<Choice value="86">86</Choice>
						<Choice value="87">87</Choice>
						<Choice value="88">88</Choice>
						<Choice value="89">89</Choice>
						<Choice value="90">90</Choice>
						<Choice value="91">91</Choice>
						<Choice value="92">92</Choice>
						<Choice value="93">93</Choice>
						<Choice value="94">94</Choice>
						<Choice value="95">95</Choice>
						<Choice value="96">96</Choice>
						<Choice value="97">97</Choice>
						<Choice value="98">98</Choice>
						<Choice value="99">99</Choice>
						<Choice value="100">100</Choice>
						<Choice value="101">101</Choice>
						<Choice value="102">102</Choice>
						<Choice value="103">103</Choice>
						<Choice value="104">104</Choice>
						<Choice value="105">105</Choice>
						<Choice value="106">106</Choice>
						<Choice value="107">107</Choice>
						<Choice value="108">108</Choice>
						<Choice value="109">109</Choice>
						<Choice value="110">110</Choice>
						<Choice value="111">111</Choice>
						<Choice value="112">112</Choice>
						<Choice value="113">113</Choice>
						<Choice value="114">114</Choice>
						<Choice value="115">115</Choice>
					</Choices>
				</Question>
				<Question type="choice" render="dropselect" ID="matoo" required="">
					<Text>A person moves from being middle-aged to being old at what age?</Text>
					<Choices>
						<Choice value=".">.</Choice>
						<Choice value="1">1</Choice>
						<Choice value="2">2</Choice>
						<Choice value="3">3</Choice>
						<Choice value="4">4</Choice>
						<Choice value="5">5</Choice>
						<Choice value="6">6</Choice>
						<Choice value="7">7</Choice>
						<Choice value="8">8</Choice>
						<Choice value="9">9</Choice>
						<Choice value="10">10</Choice>
						<Choice value="11">11</Choice>
						<Choice value="12">12</Choice>
						<Choice value="13">13</Choice>
						<Choice value="14">14</Choice>
						<Choice value="15">15</Choice>
						<Choice value="16">16</Choice>
						<Choice value="17">17</Choice>
						<Choice value="18">18</Choice>
						<Choice value="19">19</Choice>
						<Choice value="20">20</Choice>
						<Choice value="21">21</Choice>
						<Choice value="22">22</Choice>
						<Choice value="23">23</Choice>
						<Choice value="24">24</Choice>
						<Choice value="25">25</Choice>
						<Choice value="26">26</Choice>
						<Choice value="27">27</Choice>
						<Choice value="28">28</Choice>
						<Choice value="29">29</Choice>
						<Choice value="30">30</Choice>
						<Choice value="31">31</Choice>
						<Choice value="32">32</Choice>
						<Choice value="33">33</Choice>
						<Choice value="34">34</Choice>
						<Choice value="35">35</Choice>
						<Choice value="36">36</Choice>
						<Choice value="37">37</Choice>
						<Choice value="38">38</Choice>
						<Choice value="39">39</Choice>
						<Choice value="40">40</Choice>
						<Choice value="41">41</Choice>
						<Choice value="42">42</Choice>
						<Choice value="43">43</Choice>
						<Choice value="44">44</Choice>
						<Choice value="45">45</Choice>
						<Choice value="46">46</Choice>
						<Choice value="47">47</Choice>
						<Choice value="48">48</Choice>
						<Choice value="49">49</Choice>
						<Choice value="50">50</Choice>
						<Choice value="51">51</Choice>
						<Choice value="52">52</Choice>
						<Choice value="53">53</Choice>
						<Choice value="54">54</Choice>
						<Choice value="55">55</Choice>
						<Choice value="56">56</Choice>
						<Choice value="57">57</Choice>
						<Choice value="58">58</Choice>
						<Choice value="59">59</Choice>
						<Choice value="60">60</Choice>
						<Choice value="61">61</Choice>
						<Choice value="62">62</Choice>
						<Choice value="63">63</Choice>
						<Choice value="64">64</Choice>
						<Choice value="65">65</Choice>
						<Choice value="66">66</Choice>
						<Choice value="67">67</Choice>
						<Choice value="68">68</Choice>
						<Choice value="69">69</Choice>
						<Choice value="70">70</Choice>
						<Choice value="71">71</Choice>
						<Choice value="72">72</Choice>
						<Choice value="73">73</Choice>
						<Choice value="74">74</Choice>
						<Choice value="75">75</Choice>
						<Choice value="76">76</Choice>
						<Choice value="77">77</Choice>
						<Choice value="78">78</Choice>
						<Choice value="79">79</Choice>
						<Choice value="80">80</Choice>
						<Choice value="81">81</Choice>
						<Choice value="82">82</Choice>
						<Choice value="83">83</Choice>
						<Choice value="84">84</Choice>
						<Choice value="85">85</Choice>
						<Choice value="86">86</Choice>
						<Choice value="87">87</Choice>
						<Choice value="88">88</Choice>
						<Choice value="89">89</Choice>
						<Choice value="90">90</Choice>
						<Choice value="91">91</Choice>
						<Choice value="92">92</Choice>
						<Choice value="93">93</Choice>
						<Choice value="94">94</Choice>
						<Choice value="95">95</Choice>
						<Choice value="96">96</Choice>
						<Choice value="97">97</Choice>
						<Choice value="98">98</Choice>
						<Choice value="99">99</Choice>
						<Choice value="100">100</Choice>
						<Choice value="101">101</Choice>
						<Choice value="102">102</Choice>
						<Choice value="103">103</Choice>
						<Choice value="104">104</Choice>
						<Choice value="105">105</Choice>
						<Choice value="106">106</Choice>
						<Choice value="107">107</Choice>
						<Choice value="108">108</Choice>
						<Choice value="109">109</Choice>
						<Choice value="110">110</Choice>
						<Choice value="111">111</Choice>
						<Choice value="112">112</Choice>
						<Choice value="113">113</Choice>
						<Choice value="114">114</Choice>
						<Choice value="115">115</Choice>
					</Choices>
				</Question>
			</Block>
		</Random>
	</Block>
</Questionnaire>